Name,Age,Location,Gender,Enrolled Course,Progress,Test Score,Area of Interest,Course Rating,Forum Interactions,Hours on Platform,Course Feedback,Instructor Feedback,Platform Usability Feedback
Ryan Jackson,55,"Sarahstad, Micronesia",Female,Web Development,29%,69%,Health & Fitness,4,33,13.25,Very Satisfied,Unsatisfied,Very Unsatisfied
Penny Campbell,57,"Scottburgh, Greenland",Male,Creative Writing,17%,52%,Language,2,22,15.53,Very Unsatisfied,Satisfied,Very Unsatisfied
Kimberly Banks,37,"Ryanville, Ghana",Female,Photography,85%,78%,Language,1,10,9.49,Unsatisfied,Very Satisfied,Very Satisfied
Kelly Jensen,49,"West Melissa, Afghanistan",Female,Creative Writing,89%,84%,Personal Development,4,48,13.87,Very Unsatisfied,Neutral,Very Satisfied
Billy Shaw,54,"East Brittany, Palau",Female,Web Development,59%,92%,Language,5,21,13.85,Very Unsatisfied,Very Satisfied,Very Satisfied
Patrick Rose,15,"Lake Rhonda, Angola",Female,Photography,79%,71%,Language,1,48,17.65,Neutral,Unsatisfied,Very Unsatisfied
Eric Jacobson,22,"Brewertown, Czech Republic",Non-binary,Graphic Design,55%,54%,Art & Design,3,5,11.43,Very Satisfied,Satisfied,Satisfied
Matthew Baxter,55,"North Cynthia, Isle of Man",Male,Graphic Design,98%,70%,Health & Fitness,2,8,4.91,Satisfied,Neutral,Neutral
Ryan Pham,36,"East Jade, India",Male,Creative Writing,6%,68%,Health & Fitness,5,3,1.83,Neutral,Satisfied,Unsatisfied
Patricia Bennett,30,"Port Paul, Cayman Islands",Male,Graphic Design,51%,92%,Technology,2,10,3.05,Unsatisfied,Satisfied,Very Unsatisfied
Jessica Carson,47,"Kimberlyton, Japan",Non-binary,Graphic Design,41%,61%,Science,4,2,4.45,Very Satisfied,Very Satisfied,Neutral
Mitchell Melton,34,"Kimberlybury, Solomon Islands",Non-binary,Photography,88%,89%,Business,3,36,10.26,Satisfied,Satisfied,Very Unsatisfied
Eugene Greene,29,"Reedton, Zambia",Female,Creative Writing,86%,50%,Science,4,14,5.17,Very Unsatisfied,Unsatisfied,Satisfied
Cristian Salas,22,"Rachaelside, Guinea",Non-binary,Business Analytics,53%,97%,Language,5,10,7.9,Unsatisfied,Very Satisfied,Satisfied
Jill Randolph,25,"Port Bradley, Cook Islands",Male,Graphic Design,33%,55%,Health & Fitness,1,4,18.74,Very Satisfied,Neutral,Neutral
Brandon Scott,15,"Jessicashire, Palau",Male,Graphic Design,48%,73%,Technology,4,47,3.23,Unsatisfied,Neutral,Neutral
James Hoover,33,"Travisstad, Luxembourg",Female,Data Science,74%,57%,Business,3,49,10.68,Unsatisfied,Satisfied,Unsatisfied
Dustin Whitaker,37,"Justinport, British Indian Ocean Territory (Chagos Archipelago)",Male,Graphic Design,80%,99%,Science,2,41,7.9,Satisfied,Unsatisfied,Unsatisfied
John Jones,38,"Johnberg, Isle of Man",Non-binary,Data Science,20%,51%,Art & Design,3,41,15.9,Neutral,Satisfied,Very Satisfied
William Martinez,27,"Lake Jasonberg, Finland",Non-binary,Data Science,56%,58%,Language,2,48,16.12,Neutral,Unsatisfied,Satisfied
Samantha Bradley,48,"Williamsfort, Bouvet Island (Bouvetoya)",Non-binary,Web Development,46%,56%,Technology,4,40,8.62,Very Unsatisfied,Unsatisfied,Very Unsatisfied
Susan Hill,50,"Stevensstad, Mozambique",Male,Creative Writing,18%,62%,Language,5,29,15.41,Unsatisfied,Unsatisfied,Neutral
Lauren Moran,37,"New Margaret, Dominica",Male,Digital Marketing,81%,63%,Business,4,0,5.64,Satisfied,Satisfied,Very Satisfied
Blake Campbell,27,"Lake Dawnhaven, Jamaica",Non-binary,Photography,20%,70%,Personal Development,2,5,7.26,Neutral,Satisfied,Satisfied
Kimberly Gomez DVM,50,"Adamsstad, Guinea",Male,Photography,62%,71%,Art & Design,2,6,15.93,Very Unsatisfied,Very Unsatisfied,Very Unsatisfied
Melissa Stafford,41,"Jameston, Botswana",Female,Web Development,81%,97%,Health & Fitness,4,33,9.41,Satisfied,Very Unsatisfied,Unsatisfied
Michelle Lin,53,"Hebertberg, Faroe Islands",Female,Photography,78%,92%,Technology,1,46,11.94,Satisfied,Unsatisfied,Satisfied
Jeremiah Stanton,37,"West Williamfort, Greece",Non-binary,Data Science,94%,64%,Technology,3,13,6.83,Neutral,Very Satisfied,Satisfied
Laura Howard,30,"Edwardchester, Aruba",Non-binary,Creative Writing,45%,55%,Business,1,15,7.48,Very Unsatisfied,Neutral,Very Unsatisfied
Matthew Jones,32,"North Jermaine, Reunion",Non-binary,Digital Marketing,68%,92%,Science,4,40,15.15,Very Satisfied,Very Unsatisfied,Very Unsatisfied
Alisha Jenkins,23,"Aaronport, Peru",Non-binary,Digital Marketing,83%,83%,Personal Development,1,32,9.77,Satisfied,Unsatisfied,Neutral
Julia Harris,31,"Davidton, Antigua and Barbuda",Male,Photography,11%,88%,Art & Design,1,48,12.4,Very Unsatisfied,Satisfied,Satisfied
Christopher Cross,37,"East Brendanton, Nauru",Non-binary,Graphic Design,32%,57%,Science,5,28,11.51,Neutral,Very Unsatisfied,Very Satisfied
Shane Castillo,42,"Rebeccaville, Bolivia",Non-binary,Creative Writing,7%,81%,Personal Development,2,39,11.2,Satisfied,Very Satisfied,Neutral
Charlotte Mcbride,60,"North Eric, Pitcairn Islands",Male,Graphic Design,51%,69%,Science,5,28,10.19,Satisfied,Neutral,Satisfied
Cassie Peterson,58,"North Brianmouth, Fiji",Male,Creative Writing,83%,64%,Health & Fitness,1,17,10.53,Very Satisfied,Very Satisfied,Very Satisfied
Brian Phillips,54,"South Jason, Norfolk Island",Non-binary,Creative Writing,32%,56%,Art & Design,1,47,8.64,Very Satisfied,Unsatisfied,Neutral
Daniel Mueller,25,"West Williamton, Lesotho",Non-binary,Data Science,51%,65%,Business,4,10,18.24,Neutral,Very Unsatisfied,Very Unsatisfied
Rachel Krueger,44,"South James, Belize",Female,Web Development,19%,82%,Science,2,6,11.24,Very Unsatisfied,Satisfied,Neutral
Heather Chavez,17,"Harpertown, Mali",Female,Data Science,69%,73%,Health & Fitness,2,48,6.62,Unsatisfied,Very Satisfied,Neutral
Tyler Ingram,29,"West James, Russian Federation",Female,Graphic Design,19%,97%,Language,4,43,3.64,Satisfied,Satisfied,Very Unsatisfied
Trevor Middleton,51,"South Rebecca, Antigua and Barbuda",Non-binary,Data Science,93%,90%,Technology,5,41,13.85,Satisfied,Very Satisfied,Very Satisfied
Susan Rivera,17,"Smithfort, Russian Federation",Male,Graphic Design,92%,52%,Personal Development,1,17,8.87,Unsatisfied,Unsatisfied,Satisfied
Alexandria Smith,60,"Patriciaport, Venezuela",Non-binary,Business Analytics,24%,68%,Business,3,49,9.3,Satisfied,Very Unsatisfied,Very Unsatisfied
Cassandra Armstrong,24,"Kristenborough, North Macedonia",Male,Graphic Design,29%,67%,Personal Development,5,1,16.87,Unsatisfied,Satisfied,Neutral
Michael Alvarez,55,"Michaelborough, Netherlands",Male,Business Analytics,42%,53%,Health & Fitness,3,28,10.87,Very Satisfied,Neutral,Very Satisfied
Johnathan Lewis,26,"Port Karenland, Vanuatu",Non-binary,Business Analytics,56%,94%,Art & Design,1,11,10.27,Very Unsatisfied,Very Unsatisfied,Very Unsatisfied
Adam Mills,49,"Nicholaston, Slovakia (Slovak Republic)",Female,Data Science,19%,92%,Business,4,2,16.61,Unsatisfied,Very Satisfied,Very Satisfied
Troy Hodges,25,"East Katherinefort, Ukraine",Male,Data Science,86%,88%,Health & Fitness,4,12,19.4,Very Unsatisfied,Satisfied,Very Unsatisfied
Ashley Walters,43,"Silvatown, Andorra",Female,Digital Marketing,10%,55%,Science,4,25,7.04,Very Unsatisfied,Neutral,Satisfied
Joseph Hardy,53,"New Phyllisborough, Aruba",Female,Creative Writing,22%,51%,Personal Development,5,41,15.64,Satisfied,Neutral,Neutral
Patricia Stout,28,"Port Gerald, Ghana",Female,Data Science,46%,62%,Business,1,37,9.93,Neutral,Unsatisfied,Neutral
Jessica Byrd,35,"Donnaborough, New Caledonia",Non-binary,Web Development,32%,91%,Business,5,50,14.21,Neutral,Very Satisfied,Neutral
Jason Bell,27,"Rebeccaland, Belize",Male,Creative Writing,35%,76%,Health & Fitness,4,9,18.03,Very Satisfied,Very Unsatisfied,Very Unsatisfied
Chase Short,47,"Phillipborough, United Kingdom",Non-binary,Business Analytics,87%,58%,Science,1,10,9.73,Unsatisfied,Very Unsatisfied,Very Unsatisfied
Darryl Allen,39,"North Neil, Antarctica (the territory South of 60 deg S)",Female,Data Science,100%,81%,Science,3,32,3.92,Very Satisfied,Satisfied,Unsatisfied
Aaron Clark Jr.,28,"Port Ashleyborough, French Southern Territories",Non-binary,Business Analytics,69%,94%,Health & Fitness,5,35,10.26,Satisfied,Satisfied,Satisfied
Donna Buck,55,"Georgeborough, Bangladesh",Non-binary,Photography,74%,53%,Science,1,40,18.65,Neutral,Unsatisfied,Very Unsatisfied
Mitchell Serrano,48,"Anthonyton, Uzbekistan",Male,Data Science,71%,69%,Art & Design,2,18,15.82,Very Unsatisfied,Very Unsatisfied,Unsatisfied
Andrea White,49,"South Samuel, Dominican Republic",Female,Graphic Design,20%,81%,Health & Fitness,5,39,3.88,Neutral,Unsatisfied,Neutral
Joseph Johnson,48,"North Stevenmouth, India",Non-binary,Web Development,16%,50%,Health & Fitness,5,43,1.53,Satisfied,Very Satisfied,Very Satisfied
Karen Boone,42,"North Theresa, Malawi",Non-binary,Data Science,16%,53%,Technology,3,50,3.03,Neutral,Neutral,Unsatisfied
Debra Thompson,25,"Bradshawtown, Liberia",Male,Web Development,50%,81%,Health & Fitness,4,44,6.44,Very Satisfied,Very Satisfied,Satisfied
Amanda Hahn,33,"Pooleview, Tuvalu",Male,Creative Writing,3%,82%,Technology,4,15,16.72,Very Unsatisfied,Satisfied,Very Unsatisfied
Jessica Smith,36,"Chasemouth, Lebanon",Female,Web Development,24%,92%,Technology,3,15,11.63,Very Unsatisfied,Very Unsatisfied,Very Satisfied
Jessica White,27,"Robertmouth, Andorra",Male,Photography,38%,70%,Art & Design,1,0,5.61,Neutral,Very Satisfied,Unsatisfied
Christopher Robinson,59,"Elizabethview, Pitcairn Islands",Male,Digital Marketing,50%,90%,Art & Design,4,9,15.39,Very Satisfied,Very Unsatisfied,Unsatisfied
Jennifer Mills,26,"Christinechester, Brazil",Male,Web Development,12%,96%,Art & Design,1,33,16.84,Unsatisfied,Neutral,Unsatisfied
Michelle Strong,28,"Andreafort, Philippines",Female,Data Science,26%,59%,Science,5,43,7.62,Very Satisfied,Satisfied,Unsatisfied
Edward Morton,53,"Bakertown, Honduras",Non-binary,Business Analytics,93%,100%,Science,2,21,5.37,Satisfied,Neutral,Unsatisfied
Kimberly Holder,42,"Kathrynfurt, Thailand",Female,Creative Writing,12%,87%,Personal Development,2,32,13.18,Very Satisfied,Neutral,Neutral
Jennifer Mendoza,57,"Virginiahaven, Israel",Non-binary,Creative Writing,5%,93%,Technology,1,44,13.56,Unsatisfied,Satisfied,Unsatisfied
Danielle Gentry,55,"Brittanyland, Isle of Man",Non-binary,Data Science,40%,65%,Health & Fitness,1,13,19.69,Very Unsatisfied,Neutral,Very Satisfied
Eugene Ramirez,42,"Port Mark, New Caledonia",Female,Creative Writing,12%,75%,Science,5,17,4.65,Very Unsatisfied,Satisfied,Satisfied
Rachel Cole,23,"Steinland, Haiti",Male,Photography,25%,67%,Personal Development,5,8,18.86,Neutral,Very Satisfied,Unsatisfied
Daniel Lewis,24,"Lake Catherineview, Serbia",Female,Graphic Design,27%,54%,Art & Design,4,23,18.17,Neutral,Unsatisfied,Very Satisfied
Amy Sims,21,"Abigailside, Tanzania",Male,Creative Writing,26%,89%,Language,4,10,10.59,Unsatisfied,Satisfied,Very Unsatisfied
Charles Torres,52,"North Victoriabury, Thailand",Non-binary,Digital Marketing,99%,77%,Technology,4,24,9.47,Very Unsatisfied,Very Satisfied,Unsatisfied
Isaac Daniel,32,"Julieview, Sierra Leone",Non-binary,Business Analytics,49%,66%,Science,4,36,14.03,Very Unsatisfied,Neutral,Neutral
Dr. Daniel Yates,21,"Leonardville, Slovakia (Slovak Republic)",Non-binary,Data Science,93%,93%,Business,2,2,3.97,Satisfied,Neutral,Unsatisfied
Janet Carroll,58,"New Michelle, Heard Island and McDonald Islands",Male,Data Science,97%,60%,Personal Development,4,1,8.98,Satisfied,Satisfied,Very Satisfied
Mallory Burnett,48,"Jamesfurt, Jamaica",Male,Data Science,78%,86%,Business,4,3,5.16,Very Satisfied,Very Unsatisfied,Unsatisfied
Kimberly Garcia,53,"Port Christopherport, Seychelles",Female,Business Analytics,73%,90%,Personal Development,3,0,11.61,Very Unsatisfied,Very Satisfied,Unsatisfied
Kendra Delgado,33,"Sharonville, Tokelau",Non-binary,Photography,34%,53%,Art & Design,2,16,17.3,Very Satisfied,Unsatisfied,Very Satisfied
Sarah Manning,27,"New Daltonfurt, Panama",Female,Creative Writing,68%,54%,Science,1,44,4.68,Satisfied,Neutral,Unsatisfied
Steve Bailey,33,"Erinton, Chad",Non-binary,Photography,69%,81%,Health & Fitness,3,5,13.89,Very Satisfied,Neutral,Very Satisfied
Amanda Colon,19,"Gregorytown, Canada",Male,Business Analytics,7%,55%,Personal Development,3,30,15.93,Unsatisfied,Neutral,Unsatisfied
Jennifer Dawson,56,"Port Phillip, Angola",Non-binary,Data Science,42%,64%,Business,2,1,17.98,Unsatisfied,Unsatisfied,Satisfied
Jamie Shepherd,36,"Kimberlymouth, Greenland",Female,Web Development,56%,86%,Personal Development,1,21,11.47,Satisfied,Satisfied,Satisfied
Olivia Haas,27,"Lake Leroy, Holy See (Vatican City State)",Male,Web Development,35%,70%,Personal Development,3,19,11.5,Satisfied,Satisfied,Unsatisfied
Karen Cox,23,"West Daniel, Lao People's Democratic Republic",Male,Digital Marketing,7%,76%,Personal Development,3,26,9.54,Very Satisfied,Very Unsatisfied,Unsatisfied
Matthew Patterson,22,"Shepardchester, Mauritania",Male,Graphic Design,63%,78%,Business,2,38,1.22,Unsatisfied,Unsatisfied,Neutral
John Whitaker,20,"East Shelley, Isle of Man",Female,Creative Writing,19%,67%,Health & Fitness,1,50,7.42,Unsatisfied,Very Satisfied,Unsatisfied
Malik Bailey,33,"East Kenneth, Monaco",Non-binary,Business Analytics,79%,89%,Business,5,34,12.63,Very Unsatisfied,Very Satisfied,Satisfied
Brian Nunez,40,"Johnsonfurt, South Africa",Non-binary,Data Science,54%,62%,Personal Development,1,2,7.09,Very Unsatisfied,Very Unsatisfied,Very Unsatisfied
Julie Juarez,38,"New Stephaniemouth, Zimbabwe",Male,Business Analytics,57%,87%,Health & Fitness,5,30,7.2,Neutral,Neutral,Very Satisfied
John Brown,45,"North Michael, Palestinian Territory",Female,Web Development,34%,78%,Personal Development,4,49,12.86,Very Satisfied,Neutral,Unsatisfied
Mark Davis,23,"Lake Valeriefort, French Guiana",Male,Digital Marketing,35%,94%,Science,3,44,13.81,Satisfied,Neutral,Satisfied
Teresa Turner,46,"Brandonbury, Cape Verde",Non-binary,Creative Writing,70%,74%,Language,5,11,6.45,Neutral,Very Unsatisfied,Neutral
Rachel Gregory,57,"Pattonborough, Spain",Non-binary,Digital Marketing,68%,77%,Art & Design,1,19,7.52,Very Satisfied,Satisfied,Satisfied
Phillip Jacobson,56,"Johnsonbury, Bulgaria",Female,Data Science,42%,82%,Personal Development,1,28,3.18,Neutral,Very Unsatisfied,Very Satisfied
Anna Clark,33,"Latashaland, Mozambique",Male,Data Science,51%,87%,Health & Fitness,1,5,18.05,Satisfied,Very Unsatisfied,Very Unsatisfied
Peter Nelson,25,"Whitneyfurt, Saint Vincent and the Grenadines",Male,Business Analytics,91%,78%,Health & Fitness,3,28,12.94,Very Satisfied,Neutral,Satisfied
Matthew Garcia,37,"New Jamie, Iraq",Male,Data Science,14%,93%,Technology,2,35,19.21,Very Satisfied,Satisfied,Unsatisfied
Justin Dalton,24,"South Jeffrey, Saudi Arabia",Male,Graphic Design,26%,62%,Personal Development,4,26,8.06,Neutral,Satisfied,Unsatisfied
Leslie Brooks,43,"Kinghaven, Aruba",Female,Web Development,14%,57%,Business,2,32,15.82,Very Unsatisfied,Satisfied,Very Satisfied
Robert Cabrera,41,"East Matthew, Niue",Male,Digital Marketing,24%,91%,Language,2,42,5.05,Very Satisfied,Neutral,Very Satisfied
Shelly Kline,45,"Watsonland, Spain",Non-binary,Creative Writing,28%,87%,Technology,5,8,3.09,Very Satisfied,Very Satisfied,Satisfied
Erica Rogers,39,"Andrewsfurt, Eritrea",Non-binary,Digital Marketing,77%,98%,Art & Design,1,21,6.64,Very Unsatisfied,Very Satisfied,Unsatisfied
David Marshall,15,"Lake Judy, Congo",Non-binary,Business Analytics,67%,70%,Technology,5,15,17.51,Satisfied,Very Unsatisfied,Very Unsatisfied
Lee Barnes,34,"Port Alexandrashire, Zimbabwe",Male,Graphic Design,70%,100%,Language,5,20,15.07,Unsatisfied,Very Satisfied,Neutral
Danielle Mercer,57,"East Jonathan, Suriname",Non-binary,Digital Marketing,51%,79%,Personal Development,3,15,8.01,Very Unsatisfied,Very Satisfied,Very Satisfied
Dawn Ford,27,"Annaton, Bermuda",Non-binary,Photography,22%,73%,Science,4,7,1.73,Unsatisfied,Unsatisfied,Satisfied
Natalie Anderson,25,"Port Andrea, Venezuela",Non-binary,Graphic Design,25%,72%,Technology,2,0,15.13,Satisfied,Very Satisfied,Unsatisfied
Dr. Michelle Taylor,54,"Lake Donald, Armenia",Female,Business Analytics,96%,59%,Technology,5,8,19.74,Very Unsatisfied,Neutral,Very Satisfied
Javier Miller MD,27,"East Douglasmouth, Chad",Female,Web Development,41%,86%,Art & Design,4,48,5.29,Very Satisfied,Very Satisfied,Satisfied
Amy Ford,25,"Daleton, Sao Tome and Principe",Female,Graphic Design,98%,92%,Business,2,33,1.23,Very Satisfied,Very Satisfied,Very Unsatisfied
Kelly Avila,42,"Martinezbury, Palau",Female,Digital Marketing,68%,74%,Business,5,46,18.16,Unsatisfied,Satisfied,Very Unsatisfied
Karen Johnson,34,"Jamesport, Monaco",Non-binary,Creative Writing,20%,92%,Health & Fitness,4,19,19.57,Neutral,Very Unsatisfied,Very Satisfied
Matthew Greer,49,"Burkemouth, Australia",Male,Photography,99%,97%,Personal Development,2,41,5.08,Very Unsatisfied,Unsatisfied,Neutral
Dawn Higgins,35,"East Patricia, Serbia",Female,Graphic Design,70%,93%,Art & Design,5,21,19.39,Unsatisfied,Unsatisfied,Unsatisfied
Rose Dillon,53,"Fergusonland, Haiti",Female,Graphic Design,42%,80%,Business,3,2,18.73,Satisfied,Unsatisfied,Neutral
Diana Wallace,38,"Lake Laura, Azerbaijan",Non-binary,Creative Writing,78%,51%,Language,2,49,11.03,Unsatisfied,Neutral,Unsatisfied
Kelly Grant,41,"East Johnshire, Comoros",Female,Web Development,26%,94%,Science,2,47,8.24,Satisfied,Very Satisfied,Satisfied
Donna Garcia,25,"East Kaitlin, Bahamas",Non-binary,Web Development,4%,61%,Health & Fitness,3,49,4.17,Unsatisfied,Satisfied,Satisfied
Catherine Brown,47,"Wrightfurt, Papua New Guinea",Female,Web Development,27%,84%,Language,1,4,15.81,Satisfied,Very Satisfied,Neutral
Timothy Molina,49,"North Shaneborough, San Marino",Non-binary,Graphic Design,2%,60%,Science,1,6,2.75,Very Unsatisfied,Satisfied,Very Unsatisfied
Scott Williams,17,"Christopherview, Montserrat",Male,Creative Writing,48%,53%,Health & Fitness,1,35,9.7,Very Unsatisfied,Satisfied,Satisfied
Ronald Golden,16,"North Cory, Greenland",Male,Creative Writing,14%,78%,Technology,5,45,19.79,Very Unsatisfied,Unsatisfied,Satisfied
Laura Hill,41,"Susanborough, Niger",Non-binary,Graphic Design,63%,78%,Science,1,3,18.5,Very Unsatisfied,Very Unsatisfied,Unsatisfied
Todd Stewart,15,"New Jennifer, Liechtenstein",Female,Creative Writing,61%,81%,Science,1,40,10.13,Unsatisfied,Unsatisfied,Very Satisfied
Robert Johnson,28,"Sarachester, New Zealand",Female,Creative Writing,6%,90%,Technology,1,15,5.52,Satisfied,Very Satisfied,Satisfied
Phillip Herrera,44,"South Tiffany, Croatia",Non-binary,Photography,26%,68%,Technology,3,44,4.15,Very Unsatisfied,Very Satisfied,Neutral
Christopher Moore,22,"Weissville, Sweden",Female,Digital Marketing,70%,69%,Science,5,41,11.59,Very Unsatisfied,Neutral,Neutral
Donald Alexander,43,"East Susan, Botswana",Non-binary,Data Science,48%,82%,Personal Development,4,26,15.5,Very Unsatisfied,Unsatisfied,Satisfied
Ashley Anderson,16,"West Jamie, Lebanon",Female,Graphic Design,10%,72%,Personal Development,4,20,3.66,Very Satisfied,Very Unsatisfied,Very Unsatisfied
Larry Estes,42,"Port Russell, Kuwait",Male,Creative Writing,44%,63%,Art & Design,1,26,15.32,Very Satisfied,Unsatisfied,Unsatisfied
Rebecca Rhodes,24,"Anthonyton, Saint Pierre and Miquelon",Male,Creative Writing,63%,86%,Language,1,36,3.2,Neutral,Unsatisfied,Neutral
Michael Woods,32,"Port Lori, Northern Mariana Islands",Non-binary,Data Science,24%,62%,Science,2,3,12.63,Very Satisfied,Very Satisfied,Unsatisfied
Sean Ford,15,"Lake Chase, Belgium",Non-binary,Digital Marketing,83%,64%,Business,3,16,8.26,Very Satisfied,Unsatisfied,Very Unsatisfied
Eric Parker,51,"West April, Netherlands Antilles",Female,Data Science,21%,97%,Art & Design,3,40,10.99,Neutral,Very Satisfied,Unsatisfied
Julia Reid,26,"South Amybury, Gabon",Male,Photography,97%,75%,Science,2,37,2.67,Satisfied,Unsatisfied,Satisfied
Holly Johnson,59,"South Crystalville, Saint Vincent and the Grenadines",Male,Graphic Design,16%,90%,Technology,3,39,7.23,Satisfied,Very Satisfied,Very Unsatisfied
Ashley Fuller,18,"Lake Jasmine, Isle of Man",Female,Business Analytics,48%,85%,Personal Development,3,31,1.13,Neutral,Very Satisfied,Very Unsatisfied
Jared Hawkins,34,"Nicolechester, Iraq",Non-binary,Data Science,74%,74%,Science,4,17,4.47,Satisfied,Neutral,Very Unsatisfied
Ralph Johnson,42,"Anthonyfort, Italy",Female,Web Development,49%,82%,Health & Fitness,4,14,11.55,Neutral,Unsatisfied,Very Satisfied
Janet Williamson,60,"Estesburgh, Serbia",Female,Creative Writing,99%,55%,Personal Development,3,40,13.06,Very Satisfied,Very Unsatisfied,Neutral
Andrea Maldonado,46,"North Normanville, Australia",Female,Graphic Design,92%,78%,Health & Fitness,2,47,11.94,Very Unsatisfied,Satisfied,Neutral
Erik Leonard,58,"Port Dennisfurt, Iraq",Male,Graphic Design,73%,56%,Health & Fitness,5,0,19.76,Unsatisfied,Neutral,Very Satisfied
Sean Roberts,36,"South Leslie, Niue",Female,Digital Marketing,43%,59%,Art & Design,2,10,14.76,Satisfied,Very Unsatisfied,Very Unsatisfied
Sara Ochoa,16,"New Robertmouth, Macao",Male,Web Development,42%,91%,Science,3,5,1.66,Very Unsatisfied,Neutral,Neutral
Dennis Owen,29,"Mooremouth, Cyprus",Non-binary,Photography,77%,60%,Technology,2,13,6.49,Neutral,Satisfied,Very Unsatisfied
Christina Steele DDS,58,"Johnsonfort, Latvia",Male,Web Development,30%,80%,Technology,1,2,9.26,Unsatisfied,Very Unsatisfied,Satisfied
Mary Herrera,41,"Johnathanside, Panama",Male,Data Science,11%,80%,Personal Development,5,10,13.01,Unsatisfied,Very Satisfied,Very Unsatisfied
James Stone,27,"Flynnchester, Uruguay",Male,Photography,66%,89%,Health & Fitness,3,42,18.0,Very Unsatisfied,Very Satisfied,Very Unsatisfied
Melissa Calhoun,28,"South Franciscoview, Qatar",Male,Creative Writing,54%,80%,Art & Design,2,23,7.91,Satisfied,Neutral,Very Unsatisfied
Jason Williams,49,"West Gregoryton, United States Virgin Islands",Non-binary,Photography,98%,95%,Business,2,3,3.65,Very Satisfied,Very Satisfied,Unsatisfied
Lynn Bryan,49,"Port Mark, Antarctica (the territory South of 60 deg S)",Male,Data Science,60%,85%,Art & Design,3,44,1.71,Satisfied,Neutral,Unsatisfied
Kevin Ross,42,"East Cameronshire, Angola",Non-binary,Data Science,19%,84%,Technology,4,31,14.99,Unsatisfied,Unsatisfied,Neutral
Rachel Ramirez,19,"New Christopher, Norway",Male,Data Science,15%,99%,Art & Design,2,41,4.41,Neutral,Very Unsatisfied,Neutral
William Ray,16,"West Angelaland, New Zealand",Non-binary,Digital Marketing,36%,100%,Personal Development,5,48,4.14,Neutral,Neutral,Very Satisfied
Lauren Garcia,34,"Averyfurt, Pakistan",Female,Data Science,57%,63%,Art & Design,1,8,17.42,Satisfied,Satisfied,Neutral
Melissa Brown,29,"Wallaceshire, Liberia",Male,Graphic Design,19%,50%,Technology,4,46,9.72,Very Satisfied,Satisfied,Satisfied
Amy Guzman,17,"Derrickhaven, Suriname",Male,Creative Writing,84%,84%,Language,2,20,5.17,Very Unsatisfied,Very Unsatisfied,Unsatisfied
Mark Martinez MD,29,"Lake Nathanburgh, Burundi",Non-binary,Photography,26%,74%,Business,1,23,17.22,Satisfied,Very Satisfied,Satisfied
Jose Randolph,29,"West Erinland, Sierra Leone",Non-binary,Digital Marketing,39%,74%,Technology,5,48,12.45,Very Satisfied,Very Unsatisfied,Very Unsatisfied
Amber Anderson,28,"South Sheri, Angola",Male,Digital Marketing,70%,76%,Business,4,20,8.55,Neutral,Satisfied,Very Satisfied
Brittany Best,32,"Benitezfort, Zambia",Non-binary,Data Science,40%,51%,Health & Fitness,5,34,19.89,Satisfied,Very Satisfied,Very Satisfied
Kimberly Cochran,48,"West Karinahaven, Zambia",Male,Business Analytics,87%,62%,Art & Design,4,3,8.47,Very Satisfied,Neutral,Unsatisfied
Lindsay Humphrey,38,"West Josephburgh, Norfolk Island",Female,Business Analytics,86%,70%,Health & Fitness,5,29,13.18,Satisfied,Very Satisfied,Neutral
Lee Mitchell,52,"Lake Luke, Morocco",Female,Business Analytics,96%,97%,Science,5,15,18.02,Unsatisfied,Satisfied,Unsatisfied
Gregory Taylor,38,"Port Kennethland, Cocos (Keeling) Islands",Female,Data Science,41%,94%,Science,1,33,12.34,Unsatisfied,Very Satisfied,Neutral
Andrew Santana,53,"Royhaven, Suriname",Female,Data Science,97%,93%,Health & Fitness,2,27,9.25,Unsatisfied,Very Satisfied,Satisfied
Richard Lopez,45,"Munozland, Timor-Leste",Male,Creative Writing,59%,53%,Technology,2,35,5.95,Very Satisfied,Very Unsatisfied,Very Satisfied
Shannon Riley,48,"Sharonview, Sao Tome and Principe",Male,Graphic Design,100%,94%,Language,5,39,1.11,Very Satisfied,Unsatisfied,Satisfied
Michael Johnson,27,"Phillipsmouth, Reunion",Male,Creative Writing,96%,92%,Language,4,46,2.04,Neutral,Very Satisfied,Unsatisfied
Nicholas Farmer,32,"Campbelltown, Bahamas",Male,Creative Writing,41%,50%,Language,1,1,15.71,Satisfied,Unsatisfied,Very Unsatisfied
Kelly Cowan,36,"South Joelstad, Luxembourg",Non-binary,Business Analytics,59%,54%,Technology,1,26,6.46,Very Unsatisfied,Satisfied,Satisfied
Julia Singleton,25,"South Lisaville, Monaco",Non-binary,Graphic Design,25%,68%,Personal Development,2,26,6.86,Very Satisfied,Very Satisfied,Very Satisfied
David Harper,21,"West Janetport, Isle of Man",Male,Digital Marketing,26%,96%,Technology,2,46,1.33,Very Satisfied,Satisfied,Very Satisfied
Judy Dalton,42,"East Jessemouth, Bermuda",Non-binary,Digital Marketing,51%,52%,Business,5,29,14.03,Neutral,Very Satisfied,Unsatisfied
Michelle Riley,18,"Lake Laura, Holy See (Vatican City State)",Female,Digital Marketing,49%,77%,Personal Development,3,13,19.63,Very Satisfied,Very Unsatisfied,Unsatisfied
Andre Foster,25,"Chadfort, Liberia",Non-binary,Data Science,69%,55%,Science,5,18,14.47,Neutral,Satisfied,Satisfied
Rachel Mason,18,"New Crystalview, Ireland",Female,Web Development,62%,68%,Language,4,11,11.09,Neutral,Unsatisfied,Very Satisfied
Michelle Watson,37,"Wendyland, South Georgia and the South Sandwich Islands",Female,Photography,8%,79%,Language,1,41,16.72,Very Unsatisfied,Satisfied,Very Unsatisfied
Tamara Hall,48,"South Ashley, Estonia",Non-binary,Photography,100%,65%,Business,4,48,6.16,Unsatisfied,Very Unsatisfied,Unsatisfied
Rebecca Miller,46,"Lake Allison, Martinique",Female,Data Science,90%,52%,Business,5,46,1.03,Satisfied,Satisfied,Very Unsatisfied
Joanna Hall,48,"Lake Karenton, Suriname",Female,Digital Marketing,43%,83%,Art & Design,2,40,19.64,Unsatisfied,Very Satisfied,Neutral
Jennifer Stewart,15,"Melaniefurt, Fiji",Female,Business Analytics,79%,72%,Health & Fitness,5,4,7.91,Very Satisfied,Very Unsatisfied,Very Unsatisfied
Kelly Salas,15,"Port Tamara, New Zealand",Female,Business Analytics,60%,94%,Science,1,3,7.0,Satisfied,Very Satisfied,Neutral
Jennifer Hull,18,"Lake Rebeccafort, Gibraltar",Non-binary,Creative Writing,15%,64%,Science,3,24,12.09,Very Unsatisfied,Very Satisfied,Satisfied
Tina Hall,34,"South Debbiebury, Panama",Non-binary,Data Science,83%,51%,Art & Design,3,26,12.92,Satisfied,Satisfied,Unsatisfied
Wendy Oconnor DVM,25,"Jameshaven, Costa Rica",Female,Business Analytics,31%,68%,Language,4,30,11.27,Very Unsatisfied,Very Satisfied,Very Unsatisfied
Sarah Miller DVM,19,"West Jessicaton, Bahamas",Male,Business Analytics,75%,74%,Science,3,39,7.76,Unsatisfied,Very Unsatisfied,Very Unsatisfied
Martin Matthews,60,"Smithside, Cyprus",Male,Creative Writing,93%,78%,Language,1,46,12.57,Very Satisfied,Neutral,Very Unsatisfied
Benjamin Newman,51,"New Brandonbury, Hungary",Non-binary,Creative Writing,99%,67%,Art & Design,4,43,17.29,Unsatisfied,Satisfied,Satisfied
Rodney Padilla,39,"Williamburgh, Kuwait",Non-binary,Web Development,96%,87%,Art & Design,5,5,12.6,Neutral,Satisfied,Unsatisfied
Nathan King,32,"Nicoleland, Japan",Female,Web Development,28%,55%,Business,1,33,2.98,Very Satisfied,Very Unsatisfied,Unsatisfied
Richard Woods,44,"South Melinda, Madagascar",Non-binary,Photography,60%,63%,Art & Design,2,34,8.74,Unsatisfied,Unsatisfied,Very Unsatisfied
Jamie Thomas,54,"Daviesburgh, Korea",Female,Creative Writing,92%,82%,Personal Development,3,29,7.43,Neutral,Neutral,Very Satisfied
Nicholas Adams,60,"New Kevinton, Zambia",Female,Business Analytics,58%,74%,Art & Design,5,42,9.84,Very Satisfied,Satisfied,Very Unsatisfied
Jeffrey Garcia,47,"Vanessaville, Mauritius",Female,Data Science,45%,68%,Technology,1,38,1.19,Satisfied,Neutral,Unsatisfied
Denise Perez,54,"West Jerry, Gibraltar",Non-binary,Data Science,89%,70%,Business,3,36,4.62,Very Satisfied,Very Unsatisfied,Satisfied
Christopher Navarro,15,"North Carlos, Puerto Rico",Non-binary,Digital Marketing,3%,98%,Business,4,47,6.85,Very Satisfied,Neutral,Unsatisfied
Catherine James,33,"Williamschester, Sudan",Non-binary,Creative Writing,85%,60%,Language,2,42,4.79,Very Unsatisfied,Unsatisfied,Very Unsatisfied
William Mitchell,39,"West Johnstad, Honduras",Female,Business Analytics,56%,63%,Language,2,33,13.32,Very Unsatisfied,Neutral,Satisfied
Michael Gilbert,34,"South Johnberg, Latvia",Non-binary,Web Development,95%,63%,Language,5,25,3.32,Satisfied,Satisfied,Very Satisfied
Nathaniel Chapman,35,"West Elizabeth, Turkey",Female,Creative Writing,42%,64%,Art & Design,2,46,5.1,Neutral,Satisfied,Neutral
Gabriella Gonzalez,52,"South April, Haiti",Male,Photography,49%,55%,Business,3,16,10.82,Very Unsatisfied,Very Unsatisfied,Very Satisfied
Timothy Bishop,23,"Monicahaven, Solomon Islands",Non-binary,Creative Writing,29%,71%,Art & Design,4,45,14.42,Satisfied,Unsatisfied,Neutral
Brian Cummings,42,"Wallacefort, Luxembourg",Female,Photography,18%,70%,Language,1,47,7.25,Neutral,Neutral,Unsatisfied
Joseph Simpson,42,"West Aaron, Lithuania",Female,Business Analytics,14%,97%,Health & Fitness,3,18,15.77,Very Unsatisfied,Unsatisfied,Very Unsatisfied
Douglas Martin,28,"West John, Tunisia",Non-binary,Graphic Design,63%,66%,Science,5,18,15.59,Neutral,Very Unsatisfied,Satisfied
Joshua Bowen,34,"Lindachester, Gambia",Male,Business Analytics,64%,99%,Health & Fitness,1,2,13.81,Very Unsatisfied,Very Satisfied,Neutral
Charles Mathis,55,"Chasefurt, Honduras",Male,Business Analytics,12%,75%,Business,2,0,8.64,Very Satisfied,Very Unsatisfied,Unsatisfied
Nicholas Mendez,52,"Crosbymouth, Bangladesh",Male,Data Science,90%,81%,Business,2,44,10.62,Neutral,Satisfied,Satisfied
Lacey Smith,21,"Courtneyville, Germany",Male,Web Development,58%,87%,Science,2,30,2.46,Unsatisfied,Neutral,Satisfied
Daniel Daniels,60,"Sextontown, Armenia",Female,Graphic Design,96%,54%,Science,4,19,10.76,Satisfied,Neutral,Very Unsatisfied
Tiffany Boyd,22,"Jennyville, Mozambique",Male,Business Analytics,41%,77%,Science,1,26,10.61,Very Satisfied,Satisfied,Very Unsatisfied
Lori Adams,28,"Joshuaborough, Cyprus",Non-binary,Business Analytics,48%,99%,Language,2,48,1.32,Unsatisfied,Neutral,Very Unsatisfied
Jacob Gomez,42,"Medinaport, Kiribati",Male,Business Analytics,53%,78%,Health & Fitness,1,13,7.49,Very Unsatisfied,Satisfied,Satisfied
Jeffrey Smith,43,"North Stephanie, Indonesia",Female,Digital Marketing,82%,98%,Health & Fitness,3,39,8.52,Neutral,Neutral,Very Unsatisfied
Chris Hammond,36,"West Ethanchester, France",Female,Web Development,83%,72%,Business,3,26,9.29,Neutral,Very Unsatisfied,Very Unsatisfied
Manuel Wang,53,"Port Michelle, Anguilla",Non-binary,Digital Marketing,12%,53%,Language,3,26,13.86,Unsatisfied,Neutral,Very Satisfied
Kristen Espinoza,47,"New Richardport, Cayman Islands",Male,Business Analytics,80%,98%,Art & Design,5,20,14.97,Very Satisfied,Very Unsatisfied,Very Satisfied
Nicole Johnson,34,"Gregoryville, Malta",Female,Graphic Design,77%,92%,Health & Fitness,5,5,5.7,Very Satisfied,Very Satisfied,Satisfied
Scott Kemp,35,"Youngfort, Luxembourg",Non-binary,Business Analytics,47%,53%,Personal Development,3,44,18.1,Unsatisfied,Very Unsatisfied,Unsatisfied
Michael Bryan,24,"New Michaelshire, Switzerland",Non-binary,Business Analytics,64%,92%,Science,3,2,12.2,Satisfied,Satisfied,Very Unsatisfied
Lisa Stevenson,18,"East John, Martinique",Female,Business Analytics,54%,51%,Health & Fitness,1,20,5.84,Unsatisfied,Very Unsatisfied,Very Unsatisfied
Heather Stone,36,"Holmesville, Uganda",Male,Photography,10%,50%,Art & Design,5,18,15.94,Very Satisfied,Neutral,Unsatisfied
Michael Carter,48,"Martinezchester, New Zealand",Female,Business Analytics,59%,95%,Business,2,4,10.95,Satisfied,Unsatisfied,Unsatisfied
William Randolph,59,"Turnerstad, Albania",Non-binary,Photography,37%,80%,Language,2,29,18.16,Satisfied,Very Satisfied,Unsatisfied
Crystal Mcgrath,15,"North Miaville, Sweden",Female,Photography,4%,85%,Language,2,30,2.07,Very Satisfied,Satisfied,Very Unsatisfied
Dana Coleman,50,"West Lisa, United Arab Emirates",Male,Photography,34%,73%,Health & Fitness,2,48,11.11,Unsatisfied,Neutral,Satisfied
Miss Diane Wilson DDS,49,"South Davidmouth, Ecuador",Non-binary,Photography,85%,59%,Personal Development,2,38,18.63,Neutral,Unsatisfied,Satisfied
Theodore Torres,55,"Port Kristen, Burkina Faso",Male,Creative Writing,20%,52%,Language,2,19,10.62,Satisfied,Unsatisfied,Very Unsatisfied
Andrea Moreno,23,"Gomezstad, Cyprus",Non-binary,Business Analytics,66%,71%,Technology,3,22,10.11,Satisfied,Very Satisfied,Very Unsatisfied
Andre Robinson,30,"Port Sandra, Libyan Arab Jamahiriya",Non-binary,Photography,76%,80%,Health & Fitness,3,47,7.83,Very Unsatisfied,Unsatisfied,Neutral
Timothy Gomez,56,"Port Alex, Bhutan",Male,Photography,55%,100%,Personal Development,3,48,3.22,Very Satisfied,Very Unsatisfied,Very Unsatisfied
Benjamin Brown,27,"Barryton, Saint Helena",Non-binary,Graphic Design,6%,74%,Technology,1,5,8.97,Unsatisfied,Satisfied,Satisfied
Andrew Hernandez,53,"Bryantown, Eritrea",Female,Creative Writing,9%,66%,Technology,1,7,15.73,Neutral,Very Unsatisfied,Unsatisfied
Caleb Perez,29,"North Maryville, Puerto Rico",Female,Data Science,90%,97%,Language,5,18,1.92,Very Unsatisfied,Very Unsatisfied,Satisfied
Cory Bell,31,"East Dillon, Yemen",Female,Business Analytics,68%,50%,Science,2,42,10.47,Neutral,Satisfied,Neutral
Elizabeth Stanley,21,"North Cynthiafurt, Qatar",Non-binary,Digital Marketing,74%,91%,Health & Fitness,1,20,2.34,Very Satisfied,Very Unsatisfied,Very Satisfied
Kristen Fitzgerald,28,"Christianfort, Greece",Non-binary,Digital Marketing,13%,74%,Technology,3,2,11.95,Very Unsatisfied,Very Unsatisfied,Neutral
Tammy Lee,40,"Janicehaven, Egypt",Non-binary,Digital Marketing,88%,65%,Business,2,29,3.16,Unsatisfied,Neutral,Very Unsatisfied
Richard Garza,26,"Hayleyland, Iraq",Male,Digital Marketing,97%,84%,Art & Design,5,11,7.11,Unsatisfied,Neutral,Unsatisfied
Anne Reed,58,"Youngstad, Maldives",Male,Creative Writing,67%,58%,Science,4,35,11.77,Satisfied,Neutral,Unsatisfied
Lisa Lopez DVM,32,"New Paulfort, Greece",Female,Creative Writing,36%,64%,Science,1,29,1.9,Unsatisfied,Unsatisfied,Very Unsatisfied
Diana Jones,17,"Lake Michelleberg, Niue",Non-binary,Photography,96%,70%,Technology,5,38,3.18,Neutral,Very Satisfied,Satisfied
Jeffrey Cunningham,19,"New Jeffreyhaven, Azerbaijan",Female,Photography,87%,58%,Technology,4,37,14.83,Satisfied,Very Satisfied,Neutral
Dennis Calderon,49,"Stephaniefurt, French Southern Territories",Non-binary,Digital Marketing,30%,98%,Business,3,4,14.83,Very Unsatisfied,Very Satisfied,Neutral
Raymond Silva,19,"Abbottmouth, Palestinian Territory",Male,Digital Marketing,12%,79%,Language,2,28,9.2,Unsatisfied,Neutral,Very Unsatisfied
Stephanie Alvarez,54,"Jamesborough, Benin",Female,Business Analytics,60%,79%,Science,5,8,19.31,Neutral,Very Satisfied,Satisfied
Derek Tran,27,"Port Reneebury, Kiribati",Female,Business Analytics,46%,90%,Business,3,43,1.7,Satisfied,Very Satisfied,Unsatisfied
Tony Castaneda,16,"Lake Natashastad, Yemen",Female,Graphic Design,78%,79%,Art & Design,1,5,1.07,Satisfied,Satisfied,Unsatisfied
Sabrina Young,27,"North Brittanyview, Chad",Male,Web Development,32%,50%,Technology,4,41,19.57,Very Unsatisfied,Neutral,Satisfied
Heidi Williams,46,"New Davidview, Angola",Female,Digital Marketing,6%,63%,Business,5,13,13.49,Very Satisfied,Satisfied,Neutral
Andrew Caldwell,16,"Nunezburgh, Belgium",Male,Photography,22%,94%,Technology,4,18,8.84,Neutral,Unsatisfied,Unsatisfied
Francisco Mcdowell,19,"East Kenneth, Norway",Non-binary,Web Development,95%,63%,Science,1,38,1.66,Very Satisfied,Very Unsatisfied,Satisfied
Donald Patton,43,"South Andrewstad, Martinique",Male,Digital Marketing,93%,63%,Art & Design,1,0,5.68,Neutral,Unsatisfied,Satisfied
Amy Valdez,46,"Keithberg, Barbados",Non-binary,Web Development,18%,60%,Technology,2,50,14.79,Unsatisfied,Very Unsatisfied,Unsatisfied
Peter Dominguez,15,"Sherichester, Ecuador",Male,Photography,27%,96%,Language,4,46,5.2,Very Unsatisfied,Very Satisfied,Neutral
Sherri Smith,41,"Joycetown, Christmas Island",Female,Digital Marketing,73%,60%,Health & Fitness,5,47,8.86,Satisfied,Very Satisfied,Satisfied
Michael Kim,35,"Garzaburgh, Iraq",Non-binary,Web Development,30%,75%,Personal Development,4,28,14.01,Unsatisfied,Unsatisfied,Very Unsatisfied
Samantha Rivers,55,"New Sandra, Svalbard & Jan Mayen Islands",Non-binary,Web Development,60%,92%,Technology,5,36,9.21,Satisfied,Very Unsatisfied,Very Satisfied
Rebecca Kline,46,"New Erika, Malawi",Male,Web Development,90%,100%,Science,1,5,5.47,Very Satisfied,Very Unsatisfied,Very Unsatisfied
Raven Sawyer,35,"Richardchester, Taiwan",Non-binary,Web Development,13%,81%,Language,2,32,12.77,Neutral,Unsatisfied,Satisfied
Charles Hodges,18,"Paceton, Mayotte",Non-binary,Digital Marketing,58%,71%,Science,3,2,18.0,Neutral,Very Satisfied,Unsatisfied
Susan Curry,30,"Sotoview, Gibraltar",Non-binary,Photography,21%,69%,Health & Fitness,1,6,18.9,Satisfied,Very Unsatisfied,Very Unsatisfied
Paul Obrien,17,"Krauseborough, Nauru",Female,Photography,35%,68%,Business,4,14,16.37,Neutral,Neutral,Very Satisfied
Linda Ellison,42,"Port Melaniebury, Kenya",Female,Graphic Design,29%,57%,Language,4,38,13.4,Satisfied,Very Satisfied,Very Unsatisfied
Dr. Megan Smith,43,"Alexandraport, Greece",Female,Data Science,72%,57%,Language,2,27,14.22,Very Unsatisfied,Satisfied,Very Unsatisfied
Ashley Montoya MD,50,"Glennburgh, Russian Federation",Male,Creative Writing,42%,72%,Language,2,8,15.91,Satisfied,Unsatisfied,Unsatisfied
William Mcknight,48,"Clarkberg, French Guiana",Non-binary,Photography,100%,72%,Personal Development,1,20,2.67,Unsatisfied,Unsatisfied,Neutral
Brandi Green,58,"Harveyfort, Sweden",Female,Graphic Design,18%,92%,Health & Fitness,2,5,18.84,Satisfied,Unsatisfied,Very Unsatisfied
Valerie Valencia,53,"Lake Scottchester, Tokelau",Male,Creative Writing,65%,82%,Personal Development,4,11,2.47,Neutral,Satisfied,Unsatisfied
Christopher Johnson,24,"Martinland, Guernsey",Female,Data Science,60%,60%,Art & Design,3,31,14.6,Neutral,Very Unsatisfied,Neutral
Michael Anderson,36,"Brooksburgh, Mali",Female,Photography,71%,85%,Health & Fitness,5,8,6.89,Very Unsatisfied,Very Unsatisfied,Unsatisfied
Dale Miller,26,"Port Deborah, Czech Republic",Female,Photography,88%,82%,Art & Design,2,3,10.03,Very Satisfied,Unsatisfied,Very Unsatisfied
Anthony Jones,27,"South Erikaborough, Hungary",Male,Graphic Design,23%,57%,Business,4,4,3.0,Very Satisfied,Satisfied,Satisfied
Timothy Stafford,28,"South Dennis, Philippines",Non-binary,Digital Marketing,73%,76%,Technology,3,0,3.8,Unsatisfied,Very Unsatisfied,Neutral
Matthew Thompson,37,"West Briantown, Palestinian Territory",Male,Creative Writing,37%,84%,Technology,3,24,15.62,Neutral,Very Unsatisfied,Neutral
Grace Johnson,57,"Rachelville, Burkina Faso",Male,Data Science,94%,91%,Health & Fitness,3,45,1.75,Unsatisfied,Very Satisfied,Unsatisfied
David Young,29,"West Mary, Seychelles",Male,Photography,67%,76%,Art & Design,3,22,3.23,Very Unsatisfied,Satisfied,Very Satisfied
Brandon Hunter,16,"Dylanshire, Mongolia",Female,Photography,75%,80%,Science,1,15,12.04,Neutral,Very Unsatisfied,Very Unsatisfied
John Mercado,44,"Port Elizabethfort, Poland",Male,Data Science,23%,56%,Art & Design,3,40,4.79,Unsatisfied,Very Unsatisfied,Neutral
Mary Mckee,19,"Angelafort, Qatar",Male,Graphic Design,100%,91%,Art & Design,1,24,13.45,Satisfied,Very Unsatisfied,Very Unsatisfied
Kenneth Melendez,26,"New Krystalfort, Ukraine",Non-binary,Web Development,37%,69%,Science,3,12,2.76,Neutral,Neutral,Very Unsatisfied
Monica Nelson,48,"Port William, North Macedonia",Non-binary,Photography,45%,98%,Business,5,30,1.38,Satisfied,Satisfied,Satisfied
Laura Carter,15,"East Molly, Cape Verde",Non-binary,Business Analytics,54%,93%,Technology,2,38,16.66,Satisfied,Very Unsatisfied,Satisfied
Edward Henry,30,"North Erin, Gabon",Male,Graphic Design,66%,85%,Science,4,11,2.65,Unsatisfied,Satisfied,Very Satisfied
Johnny Esparza,40,"Lindaburgh, North Macedonia",Female,Web Development,55%,69%,Business,4,38,11.38,Very Satisfied,Satisfied,Neutral
Richard Jones,33,"West Bradmouth, Dominican Republic",Non-binary,Digital Marketing,90%,51%,Personal Development,1,4,16.7,Unsatisfied,Very Unsatisfied,Satisfied
Tyler Sheppard,59,"Morenofurt, Falkland Islands (Malvinas)",Female,Photography,76%,87%,Language,1,43,17.28,Neutral,Unsatisfied,Very Unsatisfied
Janice Clarke,48,"Phillipsberg, Kenya",Female,Web Development,79%,69%,Technology,5,12,12.89,Satisfied,Very Satisfied,Very Satisfied
Jason Lewis,28,"Smithshire, Tajikistan",Non-binary,Web Development,69%,58%,Language,3,1,3.26,Neutral,Neutral,Very Unsatisfied
Christine Wood,33,"South Michaelstad, Macao",Male,Graphic Design,86%,94%,Technology,1,29,19.51,Very Unsatisfied,Very Unsatisfied,Neutral
Jessica Ramirez,57,"Lake Mark, Ghana",Non-binary,Business Analytics,64%,84%,Health & Fitness,5,26,7.5,Very Satisfied,Very Unsatisfied,Neutral
Richard Campbell,56,"Blackmouth, Djibouti",Male,Business Analytics,33%,80%,Business,2,36,4.65,Unsatisfied,Satisfied,Very Satisfied
Clifford Bell,26,"Lake Michael, Norway",Non-binary,Digital Marketing,33%,53%,Science,5,21,1.26,Neutral,Neutral,Very Unsatisfied
Eric Bishop,48,"Markshire, Cameroon",Male,Graphic Design,46%,98%,Language,5,5,5.58,Very Satisfied,Very Satisfied,Unsatisfied
Suzanne Arnold,39,"West Bonniestad, Spain",Female,Photography,9%,89%,Health & Fitness,1,22,3.63,Very Satisfied,Very Satisfied,Unsatisfied
Amanda Lopez,32,"Mariatown, Angola",Male,Web Development,97%,76%,Science,5,31,14.17,Very Satisfied,Very Unsatisfied,Neutral
Bryan Russo,45,"Lewisfort, Malawi",Male,Digital Marketing,67%,90%,Science,4,35,19.04,Satisfied,Neutral,Satisfied
Steve Reynolds,35,"Sarahview, Vanuatu",Non-binary,Web Development,87%,67%,Health & Fitness,2,2,3.23,Unsatisfied,Neutral,Satisfied
Tracy Scott,60,"Kevinbury, Venezuela",Non-binary,Graphic Design,90%,57%,Personal Development,1,31,3.75,Satisfied,Very Unsatisfied,Neutral
Michael Boyd,47,"Lake Joshuafurt, Isle of Man",Non-binary,Graphic Design,66%,55%,Technology,1,12,14.64,Neutral,Neutral,Unsatisfied
Cassie Carter,36,"West James, Niue",Non-binary,Photography,78%,96%,Personal Development,1,22,3.42,Unsatisfied,Very Satisfied,Neutral
Kara Ellis,25,"Smithfort, Albania",Male,Photography,36%,57%,Science,1,33,9.71,Very Satisfied,Unsatisfied,Unsatisfied
Jerry Jones,20,"Pacefort, Central African Republic",Non-binary,Business Analytics,28%,85%,Health & Fitness,5,44,10.93,Very Satisfied,Neutral,Very Unsatisfied
Robin Maddox,32,"Veronicaside, Tonga",Non-binary,Business Analytics,29%,56%,Health & Fitness,2,3,19.27,Neutral,Very Satisfied,Very Satisfied
Michaela Cobb,55,"East Frank, San Marino",Non-binary,Digital Marketing,23%,84%,Art & Design,3,42,2.32,Satisfied,Satisfied,Very Satisfied
Michael Doyle,48,"Port Donna, Benin",Non-binary,Digital Marketing,96%,95%,Art & Design,2,3,4.96,Neutral,Neutral,Very Unsatisfied
Eddie Miller,24,"Lake Mariafort, Taiwan",Male,Photography,26%,98%,Health & Fitness,5,1,2.23,Very Unsatisfied,Very Satisfied,Unsatisfied
Derek Leach,39,"South Scottfort, Canada",Non-binary,Creative Writing,56%,52%,Personal Development,4,10,19.89,Unsatisfied,Very Unsatisfied,Unsatisfied
Donald Jimenez,40,"East Michael, Costa Rica",Female,Data Science,84%,65%,Language,1,27,18.75,Satisfied,Unsatisfied,Satisfied
Emily Mcbride,59,"Shellyshire, Anguilla",Non-binary,Photography,67%,91%,Technology,3,6,10.46,Unsatisfied,Satisfied,Unsatisfied
Eric Reynolds,32,"Gutierrezside, Tajikistan",Male,Business Analytics,99%,63%,Personal Development,1,43,19.38,Very Unsatisfied,Satisfied,Neutral
Hannah White,30,"East Heather, Tuvalu",Non-binary,Web Development,21%,51%,Science,5,12,19.58,Unsatisfied,Very Unsatisfied,Very Satisfied
Jessica Pruitt,33,"Port Roger, Bolivia",Male,Data Science,18%,62%,Health & Fitness,5,20,11.19,Very Satisfied,Unsatisfied,Very Unsatisfied
Anthony Cruz,18,"Port Catherine, Argentina",Male,Creative Writing,75%,80%,Personal Development,3,14,17.97,Neutral,Unsatisfied,Satisfied
Bethany Hunter,57,"Sharpland, Cambodia",Non-binary,Digital Marketing,0%,79%,Language,5,7,13.52,Satisfied,Very Satisfied,Satisfied
Timothy Rios,54,"Sarahshire, Macao",Male,Photography,55%,70%,Science,3,34,14.96,Unsatisfied,Unsatisfied,Very Satisfied
Ryan Alvarez,33,"West Brianna, Andorra",Non-binary,Creative Writing,86%,85%,Personal Development,4,8,6.47,Unsatisfied,Neutral,Very Satisfied
Anthony Anderson,40,"Moorefurt, French Southern Territories",Non-binary,Business Analytics,85%,95%,Health & Fitness,2,1,2.2,Neutral,Very Satisfied,Unsatisfied
Beth Knight,34,"Port Travis, Botswana",Male,Data Science,24%,51%,Business,4,2,2.26,Satisfied,Neutral,Very Satisfied
Hannah Robinson DDS,24,"Christophermouth, United States Virgin Islands",Male,Digital Marketing,61%,91%,Personal Development,5,25,14.07,Neutral,Unsatisfied,Satisfied
Christopher Gross,48,"Port Donaldside, United States of America",Non-binary,Web Development,64%,64%,Personal Development,4,32,17.67,Unsatisfied,Very Satisfied,Unsatisfied
Diana Cooper,47,"Lake James, Gabon",Non-binary,Graphic Design,37%,52%,Business,3,7,7.38,Unsatisfied,Very Unsatisfied,Very Unsatisfied
Leah Ramos,56,"Port Brianland, Sweden",Male,Web Development,17%,80%,Personal Development,3,34,9.79,Satisfied,Very Unsatisfied,Very Satisfied
Joshua Ayala,31,"Cervantesport, Bolivia",Non-binary,Data Science,34%,61%,Business,3,16,7.15,Unsatisfied,Very Unsatisfied,Satisfied
Heather Sosa,24,"Annehaven, Liechtenstein",Male,Creative Writing,4%,81%,Business,4,48,5.38,Unsatisfied,Neutral,Very Unsatisfied
Dr. Maria Munoz,35,"Baileyside, Uzbekistan",Non-binary,Business Analytics,94%,92%,Technology,3,10,4.37,Very Unsatisfied,Very Unsatisfied,Neutral
David Jordan,56,"Port Lisaberg, Germany",Non-binary,Business Analytics,77%,58%,Science,2,8,15.4,Very Satisfied,Unsatisfied,Very Satisfied
Melissa Chambers,47,"Mezahaven, Saint Vincent and the Grenadines",Female,Data Science,66%,54%,Personal Development,3,37,14.77,Very Satisfied,Unsatisfied,Satisfied
Bonnie Logan,53,"Castilloland, Ecuador",Male,Digital Marketing,95%,57%,Language,2,5,18.17,Very Unsatisfied,Unsatisfied,Unsatisfied
John Chapman,16,"West Stevenland, Namibia",Female,Photography,21%,97%,Technology,4,31,9.46,Satisfied,Neutral,Unsatisfied
Karen Martin,51,"West Margaret, Gabon",Female,Graphic Design,11%,57%,Art & Design,1,38,5.98,Neutral,Very Satisfied,Satisfied
Peter Powell,60,"New Kristatown, Guinea-Bissau",Non-binary,Business Analytics,88%,95%,Science,3,39,19.43,Neutral,Neutral,Very Satisfied
Dr. Jordan Mcdonald,60,"West Anna, Somalia",Non-binary,Photography,91%,55%,Technology,4,9,16.85,Very Unsatisfied,Neutral,Very Satisfied
Lawrence Harrell,55,"Leborough, Burkina Faso",Male,Digital Marketing,36%,95%,Technology,5,43,18.34,Very Satisfied,Very Unsatisfied,Unsatisfied
Mr. Tyler Moran,43,"Lake Christopher, Antigua and Barbuda",Non-binary,Web Development,70%,51%,Health & Fitness,3,49,16.45,Very Satisfied,Satisfied,Satisfied
Tiffany Thomas,43,"Mosleymouth, Armenia",Female,Creative Writing,6%,97%,Business,1,5,1.52,Satisfied,Satisfied,Very Satisfied
Kristin Graham,45,"East Scott, Cape Verde",Non-binary,Data Science,55%,72%,Science,2,23,6.56,Satisfied,Very Unsatisfied,Very Unsatisfied
Lonnie Golden,31,"Parkerport, Mayotte",Non-binary,Data Science,49%,73%,Art & Design,4,23,1.05,Unsatisfied,Satisfied,Satisfied
Benjamin Raymond,59,"Brandonborough, Cocos (Keeling) Islands",Female,Data Science,30%,88%,Technology,2,9,15.61,Neutral,Unsatisfied,Unsatisfied
Ryan Goodwin,53,"Port Carolyn, Latvia",Female,Data Science,51%,76%,Science,5,22,11.62,Very Satisfied,Unsatisfied,Satisfied
Tina Campbell,56,"Lake Jesse, Romania",Female,Photography,70%,89%,Business,5,43,8.29,Unsatisfied,Very Satisfied,Very Unsatisfied
Herbert Phillips,28,"Nicholasbury, Guinea",Male,Digital Marketing,69%,69%,Personal Development,3,26,2.02,Very Unsatisfied,Very Unsatisfied,Unsatisfied
Travis Powell,21,"South Erika, Mayotte",Non-binary,Business Analytics,71%,70%,Technology,1,1,14.94,Neutral,Neutral,Neutral
Rhonda Smith,32,"East Adrianaview, Mauritania",Non-binary,Data Science,48%,52%,Health & Fitness,5,11,12.47,Neutral,Very Unsatisfied,Unsatisfied
Carolyn Hunter,32,"East Lisastad, Malaysia",Female,Photography,41%,78%,Art & Design,4,38,14.46,Unsatisfied,Satisfied,Very Satisfied
Alexander Garner,43,"Lewisview, Madagascar",Male,Creative Writing,85%,84%,Health & Fitness,5,49,11.27,Satisfied,Very Satisfied,Very Satisfied
Christopher Macdonald,54,"Brownmouth, Montserrat",Female,Graphic Design,73%,72%,Business,1,13,16.93,Neutral,Unsatisfied,Very Satisfied
Kelsey Medina,30,"New Tonya, Cayman Islands",Non-binary,Business Analytics,87%,73%,Technology,2,25,17.83,Very Unsatisfied,Neutral,Very Unsatisfied
Larry Campbell,25,"Elizabethton, Moldova",Female,Data Science,49%,81%,Language,3,20,12.93,Satisfied,Satisfied,Very Satisfied
Erik Swanson,36,"Melissaville, Samoa",Female,Digital Marketing,28%,96%,Health & Fitness,5,41,6.48,Unsatisfied,Neutral,Satisfied
Jade Adams,42,"Johnbury, Dominican Republic",Female,Photography,100%,98%,Language,5,33,16.99,Very Unsatisfied,Very Satisfied,Neutral
Michael Santiago,60,"Patricktown, Honduras",Male,Photography,61%,75%,Personal Development,4,17,16.97,Satisfied,Very Unsatisfied,Very Satisfied
Julie Hickman,45,"Brittneyland, Turks and Caicos Islands",Male,Graphic Design,53%,67%,Technology,2,13,2.73,Satisfied,Very Unsatisfied,Very Satisfied
Gregory Fischer,27,"Port Julie, Venezuela",Non-binary,Business Analytics,9%,82%,Personal Development,5,23,3.13,Unsatisfied,Very Satisfied,Satisfied
Maria Sosa,19,"South Donald, Iraq",Non-binary,Digital Marketing,11%,73%,Science,1,18,12.35,Satisfied,Neutral,Neutral
Jacob Daniel,26,"Ramirezport, Jordan",Male,Digital Marketing,1%,51%,Science,1,18,19.3,Very Satisfied,Unsatisfied,Very Unsatisfied
Danielle Esparza,55,"Suzanneland, Haiti",Non-binary,Data Science,9%,100%,Business,3,48,12.18,Very Satisfied,Neutral,Unsatisfied
Debra Fox,45,"Wellsland, Saint Vincent and the Grenadines",Non-binary,Data Science,95%,67%,Art & Design,5,41,11.15,Satisfied,Very Satisfied,Very Satisfied
Audrey Williams,18,"Fieldsland, Mauritius",Male,Web Development,51%,73%,Science,1,26,2.54,Neutral,Satisfied,Unsatisfied
Allison Taylor,17,"New Robertland, Zambia",Non-binary,Web Development,76%,82%,Science,4,39,12.45,Neutral,Unsatisfied,Very Satisfied
Susan Hubbard,35,"Port Timothyside, Antigua and Barbuda",Male,Creative Writing,73%,52%,Art & Design,1,12,1.08,Unsatisfied,Satisfied,Very Unsatisfied
Bryan Cook,30,"Nataliefort, Belgium",Male,Business Analytics,23%,86%,Personal Development,4,0,18.04,Neutral,Very Unsatisfied,Very Satisfied
Jennifer Thomas DDS,59,"West Wendy, Hungary",Female,Digital Marketing,70%,71%,Language,1,45,11.71,Unsatisfied,Very Satisfied,Very Satisfied
Jesus Rose,48,"Brownborough, Niger",Non-binary,Data Science,21%,77%,Technology,5,22,16.78,Very Satisfied,Very Unsatisfied,Unsatisfied
Mr. Gregory Mcguire,31,"Davidside, Brazil",Female,Business Analytics,100%,84%,Technology,4,5,19.28,Neutral,Unsatisfied,Neutral
Wayne Kirk,17,"New Christopher, Antarctica (the territory South of 60 deg S)",Male,Digital Marketing,66%,54%,Language,3,38,17.58,Very Satisfied,Satisfied,Very Unsatisfied
Rachel Hayes,42,"Lake Alexis, Sudan",Male,Web Development,56%,79%,Art & Design,4,31,2.19,Satisfied,Satisfied,Very Satisfied
Joanna Hayes,27,"Cortezside, United States Minor Outlying Islands",Male,Creative Writing,72%,95%,Personal Development,3,49,17.88,Neutral,Unsatisfied,Unsatisfied
Brooke Harris,42,"South Randystad, Cook Islands",Male,Digital Marketing,44%,95%,Business,1,36,6.77,Satisfied,Very Satisfied,Very Unsatisfied
James Grimes,32,"Seanhaven, Kazakhstan",Non-binary,Creative Writing,88%,54%,Science,3,28,13.42,Very Unsatisfied,Satisfied,Very Unsatisfied
Brendan Sparks,42,"North Curtis, Switzerland",Male,Data Science,11%,90%,Technology,3,25,14.32,Neutral,Unsatisfied,Neutral
Lauren Stevenson,52,"Lake James, Denmark",Male,Creative Writing,92%,69%,Business,5,8,15.28,Satisfied,Very Unsatisfied,Unsatisfied
Mr. Jeremy Hubbard,45,"Theresatown, Peru",Female,Business Analytics,66%,96%,Business,3,10,12.56,Very Satisfied,Neutral,Satisfied
Rebecca Smith,29,"Angelafort, Guernsey",Non-binary,Web Development,40%,83%,Art & Design,3,13,16.35,Unsatisfied,Neutral,Neutral
James Hines,42,"Robertsonshire, Puerto Rico",Non-binary,Creative Writing,26%,95%,Technology,1,24,2.84,Very Satisfied,Very Unsatisfied,Satisfied
Alexander Lam,36,"Clarkechester, United States Virgin Islands",Male,Graphic Design,11%,87%,Business,3,10,19.0,Very Unsatisfied,Very Unsatisfied,Very Unsatisfied
Angela Ellis,41,"Butlerstad, United States Minor Outlying Islands",Non-binary,Web Development,56%,84%,Language,2,34,12.46,Very Satisfied,Very Unsatisfied,Very Unsatisfied
Bradley Martinez,20,"Marymouth, Armenia",Female,Business Analytics,42%,87%,Language,1,9,15.57,Very Satisfied,Satisfied,Neutral
Connie Rubio,20,"Loribury, Luxembourg",Male,Graphic Design,56%,50%,Personal Development,4,8,15.61,Very Satisfied,Very Unsatisfied,Satisfied
Kerri Simpson,45,"Jennifertown, Nicaragua",Female,Photography,59%,54%,Health & Fitness,3,46,12.54,Very Unsatisfied,Very Unsatisfied,Unsatisfied
Shawn Peterson,45,"South Rhonda, Mongolia",Female,Photography,42%,97%,Technology,4,25,5.74,Very Satisfied,Very Unsatisfied,Unsatisfied
Thomas Shaw,36,"Brandonfurt, Japan",Male,Data Science,49%,99%,Science,5,4,4.95,Neutral,Neutral,Very Unsatisfied
Roberto Ferrell,28,"South Christinestad, Armenia",Male,Data Science,27%,60%,Health & Fitness,1,7,4.2,Unsatisfied,Unsatisfied,Very Unsatisfied
Suzanne Smith,25,"Donnaside, Greece",Non-binary,Digital Marketing,80%,54%,Personal Development,4,28,9.74,Very Unsatisfied,Very Satisfied,Very Unsatisfied
Dominique Newman,18,"Chavezstad, Kazakhstan",Non-binary,Data Science,35%,80%,Language,4,4,3.38,Very Satisfied,Satisfied,Very Unsatisfied
Isaiah Thompson,29,"Lake Amy, Spain",Non-binary,Data Science,45%,71%,Art & Design,5,32,10.51,Unsatisfied,Satisfied,Unsatisfied
Laura Lynch,54,"South Brendan, Timor-Leste",Male,Web Development,43%,66%,Language,2,45,14.75,Neutral,Neutral,Unsatisfied
Eric Woods,37,"Jenniferborough, United States Minor Outlying Islands",Male,Web Development,37%,60%,Technology,1,43,1.95,Neutral,Satisfied,Very Satisfied
David Owens PhD,22,"Jacksonburgh, Guyana",Non-binary,Business Analytics,40%,51%,Technology,5,35,13.12,Very Unsatisfied,Neutral,Very Satisfied
Heather Butler,55,"New Christopherborough, Kiribati",Non-binary,Graphic Design,30%,52%,Art & Design,3,26,15.91,Unsatisfied,Neutral,Very Unsatisfied
Phyllis Dawson,45,"Williamsmouth, Turkmenistan",Female,Web Development,95%,73%,Art & Design,4,29,16.73,Unsatisfied,Unsatisfied,Neutral
Michelle Black,29,"North Carmenburgh, Algeria",Female,Photography,34%,65%,Art & Design,5,44,19.12,Very Unsatisfied,Neutral,Very Satisfied
Kevin Owens,23,"Fullerville, United Kingdom",Female,Graphic Design,89%,63%,Art & Design,1,34,10.36,Very Satisfied,Very Satisfied,Satisfied
Jesse Bates,37,"West Rubenfurt, Gibraltar",Male,Data Science,45%,95%,Personal Development,1,40,14.6,Very Satisfied,Very Unsatisfied,Neutral
Justin Simpson,21,"Hernandezview, Yemen",Male,Digital Marketing,91%,98%,Science,4,15,6.65,Satisfied,Very Unsatisfied,Very Unsatisfied
James Fleming,35,"Hansenland, Pakistan",Non-binary,Digital Marketing,28%,62%,Science,2,34,14.87,Unsatisfied,Satisfied,Neutral
Amber Sims,27,"North Bryanview, Indonesia",Male,Photography,98%,89%,Science,4,26,15.48,Satisfied,Unsatisfied,Neutral
Nancy Kennedy,55,"West Nicole, Grenada",Non-binary,Graphic Design,75%,87%,Personal Development,4,11,14.86,Satisfied,Neutral,Neutral
Rebekah Kline,53,"Robertsland, Czech Republic",Non-binary,Business Analytics,87%,69%,Business,5,33,7.28,Unsatisfied,Satisfied,Unsatisfied
April Owen MD,15,"East Michaelmouth, Belarus",Non-binary,Creative Writing,34%,73%,Technology,4,28,7.58,Neutral,Satisfied,Very Unsatisfied
Miranda Clark,21,"Amandashire, Norfolk Island",Male,Business Analytics,83%,70%,Business,4,22,17.66,Unsatisfied,Very Unsatisfied,Very Satisfied
Robin Hopkins,36,"South Jamie, Monaco",Male,Photography,97%,93%,Health & Fitness,1,11,4.03,Very Unsatisfied,Unsatisfied,Satisfied
Adam Johnston,49,"Johnshire, Sudan",Non-binary,Creative Writing,18%,70%,Art & Design,5,8,8.1,Neutral,Very Unsatisfied,Satisfied
Crystal Randall,40,"Jacquelinefort, Norway",Female,Data Science,18%,62%,Business,5,2,4.76,Unsatisfied,Satisfied,Unsatisfied
Rachel Marshall,37,"Port Steve, Macao",Male,Business Analytics,72%,82%,Science,5,19,1.41,Very Satisfied,Unsatisfied,Satisfied
Sandra Turner,35,"Sandratown, Saint Barthelemy",Male,Digital Marketing,90%,55%,Personal Development,3,39,2.81,Very Unsatisfied,Very Satisfied,Very Unsatisfied
Nathan Woods,32,"Port David, Aruba",Female,Web Development,19%,94%,Business,4,25,8.75,Neutral,Unsatisfied,Neutral
Alicia Maxwell,39,"North Nicolebury, Netherlands Antilles",Non-binary,Photography,96%,98%,Business,5,15,16.26,Unsatisfied,Neutral,Neutral
Spencer Brown,28,"Hayestown, Liechtenstein",Male,Web Development,53%,63%,Art & Design,3,27,3.12,Very Satisfied,Very Satisfied,Very Unsatisfied
Bonnie Sanchez,37,"Edwardbury, Christmas Island",Female,Graphic Design,28%,70%,Business,5,26,4.78,Unsatisfied,Neutral,Very Satisfied
Richard Sanders,57,"North Heatherland, Morocco",Non-binary,Data Science,92%,64%,Technology,3,3,6.5,Unsatisfied,Very Unsatisfied,Very Unsatisfied
Kevin Dodson,27,"East Jonathanfurt, Germany",Male,Business Analytics,82%,62%,Health & Fitness,2,47,14.41,Unsatisfied,Very Unsatisfied,Very Satisfied
Matthew Potter,26,"Jasonland, Guatemala",Male,Data Science,78%,53%,Language,1,35,4.94,Very Unsatisfied,Very Unsatisfied,Very Unsatisfied
Jon Jefferson,15,"East Jorge, Sudan",Female,Photography,14%,90%,Technology,3,8,14.53,Very Unsatisfied,Unsatisfied,Very Unsatisfied
Carrie Ortega,50,"New Laura, Philippines",Male,Data Science,26%,70%,Personal Development,5,24,7.06,Neutral,Very Satisfied,Very Unsatisfied
Paul Taylor,48,"Laurenfort, Marshall Islands",Non-binary,Digital Marketing,47%,97%,Health & Fitness,5,34,3.78,Very Satisfied,Neutral,Very Unsatisfied
Stephen Davis,42,"Johntown, Tuvalu",Male,Web Development,39%,67%,Science,5,10,12.89,Unsatisfied,Very Satisfied,Very Unsatisfied
Austin Hansen,46,"Heatherbury, India",Non-binary,Digital Marketing,96%,79%,Language,5,23,19.13,Satisfied,Very Satisfied,Very Satisfied
Brandon Gilbert,25,"South Ashley, American Samoa",Non-binary,Data Science,83%,75%,Art & Design,4,1,15.53,Very Satisfied,Satisfied,Unsatisfied
Mark Chang,57,"Brookston, Christmas Island",Non-binary,Business Analytics,12%,96%,Personal Development,1,2,4.65,Neutral,Very Satisfied,Neutral
Samantha Hernandez,26,"Christophertown, Hungary",Male,Graphic Design,87%,89%,Science,3,29,8.65,Very Satisfied,Unsatisfied,Very Unsatisfied
Randall Lewis,24,"Chanland, British Virgin Islands",Female,Data Science,47%,65%,Art & Design,3,34,15.35,Neutral,Very Unsatisfied,Very Unsatisfied
Carrie Hughes,51,"North Katherinebury, Seychelles",Male,Graphic Design,3%,64%,Personal Development,4,34,12.18,Very Unsatisfied,Very Unsatisfied,Very Satisfied
Sandra Mckay,54,"Lake Jeremiahport, Australia",Male,Business Analytics,77%,87%,Language,1,27,6.84,Satisfied,Very Satisfied,Unsatisfied
Andrea Rose,49,"Port Michael, Tunisia",Male,Digital Marketing,85%,95%,Health & Fitness,4,6,14.59,Satisfied,Very Satisfied,Unsatisfied
Kaitlyn Price,55,"East Michael, Bahamas",Non-binary,Business Analytics,96%,73%,Technology,3,31,2.85,Neutral,Unsatisfied,Unsatisfied
Alicia Trevino,24,"North Brenda, Grenada",Non-binary,Photography,97%,90%,Technology,4,46,8.31,Very Satisfied,Very Unsatisfied,Neutral
Diamond Holland,25,"Williamsonchester, Maldives",Non-binary,Data Science,18%,79%,Business,1,20,18.49,Neutral,Unsatisfied,Very Unsatisfied
Shannon Meyer,20,"Moorehaven, Saint Pierre and Miquelon",Non-binary,Graphic Design,54%,80%,Language,4,47,12.7,Very Unsatisfied,Very Unsatisfied,Very Satisfied
Billy Baker,43,"Brownshire, Haiti",Female,Photography,65%,76%,Art & Design,5,34,10.02,Unsatisfied,Unsatisfied,Neutral
Cheryl Gonzales,36,"South Whitneyshire, French Southern Territories",Male,Graphic Design,38%,53%,Science,2,5,17.26,Neutral,Satisfied,Unsatisfied
Ruth Chapman,17,"Bryanfort, Argentina",Non-binary,Graphic Design,52%,96%,Business,2,0,9.69,Unsatisfied,Very Unsatisfied,Unsatisfied
Harry Foster,29,"Zacharyport, United States Minor Outlying Islands",Male,Creative Writing,22%,57%,Business,5,22,1.13,Neutral,Unsatisfied,Satisfied
Mary Mason,29,"North Crystal, Korea",Male,Photography,59%,83%,Science,1,49,16.17,Very Unsatisfied,Unsatisfied,Unsatisfied
Jamie Evans,57,"West Brianberg, Botswana",Non-binary,Photography,38%,88%,Technology,3,6,10.98,Unsatisfied,Very Satisfied,Unsatisfied
David Davis,51,"New Joseph, Tonga",Non-binary,Business Analytics,49%,60%,Science,5,48,3.44,Neutral,Very Satisfied,Neutral
Steven Evans,50,"Briggsside, Venezuela",Male,Business Analytics,89%,94%,Technology,3,16,3.89,Very Unsatisfied,Very Satisfied,Very Satisfied
Diana Freeman,48,"Lake Ryanland, Taiwan",Female,Creative Writing,15%,85%,Health & Fitness,1,11,5.27,Unsatisfied,Very Unsatisfied,Unsatisfied
Kimberly Wells,41,"Deantown, Guadeloupe",Non-binary,Digital Marketing,38%,55%,Technology,2,22,10.88,Very Satisfied,Very Satisfied,Very Unsatisfied
Taylor Patterson,47,"Lake Leslie, Tokelau",Non-binary,Photography,42%,50%,Health & Fitness,4,27,12.44,Unsatisfied,Very Unsatisfied,Satisfied
James Gaines,35,"East Roberttown, Mauritius",Non-binary,Digital Marketing,63%,93%,Technology,5,28,1.21,Very Unsatisfied,Neutral,Satisfied
David Sims,30,"East Fredmouth, Japan",Non-binary,Data Science,77%,68%,Language,5,14,15.63,Satisfied,Very Satisfied,Neutral
Ashley Koch,46,"North Sierra, Bangladesh",Female,Creative Writing,34%,80%,Health & Fitness,3,13,4.08,Satisfied,Very Satisfied,Neutral
Paul Greene,18,"West Edwinmouth, Cote d'Ivoire",Male,Graphic Design,34%,77%,Business,1,2,3.41,Satisfied,Satisfied,Very Unsatisfied
Sabrina Jones,50,"Carterport, Vanuatu",Male,Creative Writing,8%,59%,Business,5,16,19.31,Very Unsatisfied,Very Unsatisfied,Neutral
Dana Rivers,45,"East Tina, Serbia",Male,Business Analytics,10%,90%,Technology,3,21,12.12,Satisfied,Very Satisfied,Very Unsatisfied
Nathaniel Hayes,56,"Jacobsonborough, Tuvalu",Male,Data Science,20%,85%,Health & Fitness,5,7,18.5,Very Satisfied,Satisfied,Unsatisfied
Joshua Brown,47,"North Amandaview, Djibouti",Female,Creative Writing,99%,54%,Language,4,38,3.08,Satisfied,Neutral,Very Unsatisfied
Aimee Goodman,30,"New Jerrymouth, Tonga",Non-binary,Creative Writing,1%,89%,Science,4,14,1.67,Unsatisfied,Neutral,Very Satisfied
Paul Mccarthy,58,"Mckaytown, Bermuda",Non-binary,Web Development,73%,62%,Personal Development,5,43,10.6,Very Satisfied,Satisfied,Satisfied
Allen Garcia,47,"Charlesport, Iceland",Male,Business Analytics,51%,91%,Technology,2,25,18.13,Very Unsatisfied,Very Satisfied,Very Satisfied
Wendy Thompson,52,"Hunterborough, Palestinian Territory",Male,Digital Marketing,42%,74%,Health & Fitness,2,23,4.62,Very Satisfied,Very Unsatisfied,Very Unsatisfied
Jeffery Thompson,17,"Victoriaburgh, Dominican Republic",Male,Photography,56%,70%,Personal Development,1,23,11.19,Neutral,Satisfied,Unsatisfied
Taylor Thompson,50,"South Lindsey, Uruguay",Male,Data Science,14%,83%,Art & Design,3,23,16.08,Satisfied,Very Unsatisfied,Very Unsatisfied
Aaron Gonzalez,60,"Jadebury, Trinidad and Tobago",Female,Web Development,74%,70%,Personal Development,2,16,12.57,Neutral,Unsatisfied,Very Unsatisfied
Andrea Newman,27,"Lake William, American Samoa",Non-binary,Photography,76%,61%,Science,4,50,11.09,Very Unsatisfied,Unsatisfied,Very Satisfied
Anna Michael,44,"Lisaland, Uganda",Non-binary,Web Development,68%,56%,Business,1,8,13.16,Very Unsatisfied,Satisfied,Satisfied
Patricia Rivera,53,"Lake Donaldtown, Senegal",Non-binary,Data Science,40%,94%,Personal Development,4,26,19.33,Very Satisfied,Very Satisfied,Unsatisfied
Katherine Reid,53,"Brownburgh, Swaziland",Female,Business Analytics,26%,73%,Business,3,46,17.74,Very Satisfied,Neutral,Neutral
Virginia Rush,60,"Christyshire, Costa Rica",Male,Photography,18%,76%,Personal Development,5,20,4.56,Very Unsatisfied,Unsatisfied,Very Unsatisfied
Steven Lopez,17,"North Terriside, Cote d'Ivoire",Female,Photography,73%,57%,Science,1,40,10.08,Unsatisfied,Unsatisfied,Neutral
Thomas Newton,47,"Lake Robert, Isle of Man",Non-binary,Graphic Design,49%,54%,Personal Development,5,13,10.76,Neutral,Unsatisfied,Unsatisfied
Jonathan Robinson,54,"Allenview, Mauritania",Non-binary,Business Analytics,45%,88%,Health & Fitness,4,10,9.94,Satisfied,Satisfied,Very Satisfied
Sean Hill,36,"Amytown, Swaziland",Female,Creative Writing,88%,61%,Science,2,8,11.71,Neutral,Neutral,Very Satisfied
Ashley Harvey,43,"New Jamesfort, Macao",Female,Graphic Design,80%,63%,Personal Development,3,6,6.1,Satisfied,Unsatisfied,Unsatisfied
Tom Christensen,30,"Lake Jamesbury, Morocco",Female,Data Science,80%,79%,Health & Fitness,1,2,6.06,Satisfied,Very Satisfied,Unsatisfied
Douglas Wells,34,"Port Tracihaven, Mexico",Female,Web Development,62%,82%,Science,4,2,17.12,Neutral,Neutral,Unsatisfied
Susan Garcia,20,"Colleenhaven, Luxembourg",Non-binary,Data Science,33%,70%,Personal Development,2,49,11.86,Very Satisfied,Neutral,Neutral
Tyler Rios,25,"South Sandrafurt, Thailand",Male,Photography,80%,74%,Science,2,32,2.0,Very Unsatisfied,Very Unsatisfied,Unsatisfied
Mary Taylor,36,"Harrishaven, Denmark",Female,Graphic Design,83%,99%,Science,2,44,8.69,Neutral,Very Unsatisfied,Very Satisfied
John Powell,45,"Robertsfort, Bahamas",Female,Creative Writing,76%,78%,Technology,3,21,12.87,Very Satisfied,Very Satisfied,Very Unsatisfied
Brianna Hicks,48,"Peggyport, United Arab Emirates",Male,Creative Writing,74%,71%,Health & Fitness,5,17,15.89,Neutral,Neutral,Satisfied
Daniel Perkins,43,"Danielview, Gabon",Female,Data Science,54%,55%,Science,5,38,13.87,Unsatisfied,Neutral,Very Satisfied
Sarah Kim,30,"West Ginaside, Fiji",Male,Business Analytics,19%,92%,Language,3,25,12.72,Satisfied,Very Unsatisfied,Very Satisfied
Rhonda Nelson,23,"Klinechester, Djibouti",Female,Creative Writing,63%,82%,Language,1,11,19.22,Very Satisfied,Very Satisfied,Satisfied
Nicholas Ritter,43,"Myersland, Cayman Islands",Male,Web Development,4%,64%,Language,3,7,18.72,Unsatisfied,Unsatisfied,Unsatisfied
Jennifer Garcia,57,"Alvarezville, Dominican Republic",Female,Graphic Design,1%,79%,Personal Development,1,7,6.17,Unsatisfied,Neutral,Very Unsatisfied
Jose Lewis,17,"Townsendmouth, Germany",Male,Digital Marketing,25%,64%,Business,1,5,11.42,Very Satisfied,Very Unsatisfied,Very Satisfied
Lisa Alexander,46,"Port Sandyshire, Luxembourg",Non-binary,Graphic Design,56%,56%,Science,5,45,3.11,Very Unsatisfied,Very Satisfied,Very Satisfied
Joshua Schaefer,47,"Aaronmouth, American Samoa",Female,Data Science,89%,80%,Business,4,11,1.68,Very Satisfied,Neutral,Very Unsatisfied
Darrell Ayala,35,"Ericmouth, Saint Kitts and Nevis",Non-binary,Creative Writing,25%,57%,Business,3,29,5.45,Neutral,Unsatisfied,Satisfied
Bryan Smith,19,"Judithburgh, Gambia",Female,Web Development,73%,95%,Business,2,31,10.48,Satisfied,Unsatisfied,Very Satisfied
Jeremiah Johnson PhD,44,"Greenhaven, Thailand",Non-binary,Digital Marketing,55%,82%,Language,5,45,18.65,Satisfied,Unsatisfied,Very Unsatisfied
Sheena Perez,48,"Maryport, Antigua and Barbuda",Male,Creative Writing,70%,99%,Personal Development,5,13,1.01,Satisfied,Very Unsatisfied,Unsatisfied
Ryan Rodriguez,43,"Millertown, Suriname",Female,Digital Marketing,67%,52%,Personal Development,2,34,1.52,Satisfied,Very Satisfied,Very Unsatisfied
Breanna Tucker,53,"South Billyfort, Togo",Female,Data Science,33%,80%,Health & Fitness,3,28,10.21,Satisfied,Unsatisfied,Very Unsatisfied
Mackenzie Anderson,32,"Shawton, Trinidad and Tobago",Female,Creative Writing,71%,72%,Personal Development,3,43,13.25,Satisfied,Neutral,Very Unsatisfied
Jennifer Campbell,52,"Perryport, Switzerland",Non-binary,Digital Marketing,100%,66%,Art & Design,1,19,11.48,Satisfied,Very Satisfied,Unsatisfied
Rodney Underwood,33,"Erinside, Jersey",Female,Graphic Design,73%,82%,Health & Fitness,2,44,19.63,Satisfied,Very Satisfied,Satisfied
Alexis Lopez,24,"South Amanda, Uganda",Female,Creative Writing,50%,79%,Art & Design,3,25,7.18,Neutral,Satisfied,Very Unsatisfied
Anthony Taylor,30,"East Jessicaborough, Jersey",Male,Web Development,80%,94%,Science,5,20,13.41,Unsatisfied,Unsatisfied,Very Satisfied
Richard Perez,51,"West Mariefort, Kenya",Female,Creative Writing,44%,92%,Art & Design,5,45,13.94,Very Unsatisfied,Very Satisfied,Very Satisfied
